{"Version":1,"ManifestType":"Publish","Endpoints":[{"Route":"qrcodes/qr_638932617682277857.svg","AssetFile":"qrcodes/qr_638932617682277857.svg.br","Selectors":[{"Name":"Content-Encoding","Value":"br","Quality":"0.001855287570"}],"ResponseHeaders":[{"Name":"Accept-Ranges","Value":"bytes"},{"Name":"Cache-Control","Value":"no-cache"},{"Name":"Content-Encoding","Value":"br"},{"Name":"Content-Length","Value":"538"},{"Name":"Content-Type","Value":"image/svg+xml"},{"Name":"ETag","Value":"\"GelSQf4HT+ea8Y2nUn9k/kh5Zze4Ln5YSFogKshNFeM=\""},{"Name":"ETag","Value":"W/\"xQ/VEZI9I9zIEMU3cLJrlSTVnMa6z3J1nbp21pJ3AJU=\""},{"Name":"Last-Modified","Value":"Fri, 12 Sep 2025 08:39:11 GMT"},{"Name":"Vary","Value":"Content-Encoding"}],"EndpointProperties":[{"Name":"integrity","Value":"sha256-xQ/VEZI9I9zIEMU3cLJrlSTVnMa6z3J1nbp21pJ3AJU="}]},{"Route":"qrcodes/qr_638932617682277857.svg","AssetFile":"qrcodes/qr_638932617682277857.svg.gz","Selectors":[{"Name":"Content-Encoding","Value":"gzip","Quality":"0.001369863014"}],"ResponseHeaders":[{"Name":"Accept-Ranges","Value":"bytes"},{"Name":"Cache-Control","Value":"no-cache"},{"Name":"Content-Encoding","Value":"gzip"},{"Name":"Content-Length","Value":"729"},{"Name":"Content-Type","Value":"image/svg+xml"},{"Name":"ETag","Value":"\"TtYPi8sGAW8gMylvfbA+E8XgBfFMhK3+MB/SAo77J+U=\""},{"Name":"ETag","Value":"W/\"xQ/VEZI9I9zIEMU3cLJrlSTVnMa6z3J1nbp21pJ3AJU=\""},{"Name":"Last-Modified","Value":"Fri, 12 Sep 2025 08:39:10 GMT"},{"Name":"Vary","Value":"Content-Encoding"}],"EndpointProperties":[{"Name":"integrity","Value":"sha256-xQ/VEZI9I9zIEMU3cLJrlSTVnMa6z3J1nbp21pJ3AJU="}]},{"Route":"qrcodes/qr_638932617682277857.svg","AssetFile":"qrcodes/qr_638932617682277857.svg","Selectors":[],"ResponseHeaders":[{"Name":"Accept-Ranges","Value":"bytes"},{"Name":"Cache-Control","Value":"no-cache"},{"Name":"Content-Length","Value":"7920"},{"Name":"Content-Type","Value":"image/svg+xml"},{"Name":"ETag","Value":"\"xQ/VEZI9I9zIEMU3cLJrlSTVnMa6z3J1nbp21pJ3AJU=\""},{"Name":"Last-Modified","Value":"Fri, 12 Sep 2025 08:16:27 GMT"}],"EndpointProperties":[{"Name":"integrity","Value":"sha256-xQ/VEZI9I9zIEMU3cLJrlSTVnMa6z3J1nbp21pJ3AJU="}]},{"Route":"qrcodes/qr_638932617682277857.svg.br","AssetFile":"qrcodes/qr_638932617682277857.svg.br","Selectors":[],"ResponseHeaders":[{"Name":"Accept-Ranges","Value":"bytes"},{"Name":"Cache-Control","Value":"no-cache"},{"Name":"Content-Encoding","Value":"br"},{"Name":"Content-Length","Value":"538"},{"Name":"Content-Type","Value":"image/svg+xml"},{"Name":"ETag","Value":"\"GelSQf4HT+ea8Y2nUn9k/kh5Zze4Ln5YSFogKshNFeM=\""},{"Name":"Last-Modified","Value":"Fri, 12 Sep 2025 08:39:11 GMT"},{"Name":"Vary","Value":"Content-Encoding"}],"EndpointProperties":[{"Name":"integrity","Value":"sha256-GelSQf4HT+ea8Y2nUn9k/kh5Zze4Ln5YSFogKshNFeM="}]},{"Route":"qrcodes/qr_638932617682277857.svg.gz","AssetFile":"qrcodes/qr_638932617682277857.svg.gz","Selectors":[],"ResponseHeaders":[{"Name":"Accept-Ranges","Value":"bytes"},{"Name":"Cache-Control","Value":"no-cache"},{"Name":"Content-Encoding","Value":"gzip"},{"Name":"Content-Length","Value":"729"},{"Name":"Content-Type","Value":"image/svg+xml"},{"Name":"ETag","Value":"\"TtYPi8sGAW8gMylvfbA+E8XgBfFMhK3+MB/SAo77J+U=\""},{"Name":"Last-Modified","Value":"Fri, 12 Sep 2025 08:39:10 GMT"},{"Name":"Vary","Value":"Content-Encoding"}],"EndpointProperties":[{"Name":"integrity","Value":"sha256-TtYPi8sGAW8gMylvfbA+E8XgBfFMhK3+MB/SAo77J+U="}]},{"Route":"qrcodes/qr_638932617682277857.v7aaah7s68.svg","AssetFile":"qrcodes/qr_638932617682277857.svg.br","Selectors":[{"Name":"Content-Encoding","Value":"br","Quality":"0.001855287570"}],"ResponseHeaders":[{"Name":"Accept-Ranges","Value":"bytes"},{"Name":"Cache-Control","Value":"max-age=31536000, immutable"},{"Name":"Content-Encoding","Value":"br"},{"Name":"Content-Length","Value":"538"},{"Name":"Content-Type","Value":"image/svg+xml"},{"Name":"ETag","Value":"\"GelSQf4HT+ea8Y2nUn9k/kh5Zze4Ln5YSFogKshNFeM=\""},{"Name":"ETag","Value":"W/\"xQ/VEZI9I9zIEMU3cLJrlSTVnMa6z3J1nbp21pJ3AJU=\""},{"Name":"Last-Modified","Value":"Fri, 12 Sep 2025 08:39:11 GMT"},{"Name":"Vary","Value":"Content-Encoding"}],"EndpointProperties":[{"Name":"fingerprint","Value":"v7aaah7s68"},{"Name":"integrity","Value":"sha256-xQ/VEZI9I9zIEMU3cLJrlSTVnMa6z3J1nbp21pJ3AJU="},{"Name":"label","Value":"qrcodes/qr_638932617682277857.svg"}]},{"Route":"qrcodes/qr_638932617682277857.v7aaah7s68.svg","AssetFile":"qrcodes/qr_638932617682277857.svg.gz","Selectors":[{"Name":"Content-Encoding","Value":"gzip","Quality":"0.001369863014"}],"ResponseHeaders":[{"Name":"Accept-Ranges","Value":"bytes"},{"Name":"Cache-Control","Value":"max-age=31536000, immutable"},{"Name":"Content-Encoding","Value":"gzip"},{"Name":"Content-Length","Value":"729"},{"Name":"Content-Type","Value":"image/svg+xml"},{"Name":"ETag","Value":"\"TtYPi8sGAW8gMylvfbA+E8XgBfFMhK3+MB/SAo77J+U=\""},{"Name":"ETag","Value":"W/\"xQ/VEZI9I9zIEMU3cLJrlSTVnMa6z3J1nbp21pJ3AJU=\""},{"Name":"Last-Modified","Value":"Fri, 12 Sep 2025 08:39:10 GMT"},{"Name":"Vary","Value":"Content-Encoding"}],"EndpointProperties":[{"Name":"fingerprint","Value":"v7aaah7s68"},{"Name":"integrity","Value":"sha256-xQ/VEZI9I9zIEMU3cLJrlSTVnMa6z3J1nbp21pJ3AJU="},{"Name":"label","Value":"qrcodes/qr_638932617682277857.svg"}]},{"Route":"qrcodes/qr_638932617682277857.v7aaah7s68.svg","AssetFile":"qrcodes/qr_638932617682277857.svg","Selectors":[],"ResponseHeaders":[{"Name":"Accept-Ranges","Value":"bytes"},{"Name":"Cache-Control","Value":"max-age=31536000, immutable"},{"Name":"Content-Length","Value":"7920"},{"Name":"Content-Type","Value":"image/svg+xml"},{"Name":"ETag","Value":"\"xQ/VEZI9I9zIEMU3cLJrlSTVnMa6z3J1nbp21pJ3AJU=\""},{"Name":"Last-Modified","Value":"Fri, 12 Sep 2025 08:16:27 GMT"}],"EndpointProperties":[{"Name":"fingerprint","Value":"v7aaah7s68"},{"Name":"integrity","Value":"sha256-xQ/VEZI9I9zIEMU3cLJrlSTVnMa6z3J1nbp21pJ3AJU="},{"Name":"label","Value":"qrcodes/qr_638932617682277857.svg"}]},{"Route":"qrcodes/qr_638932617682277857.v7aaah7s68.svg.br","AssetFile":"qrcodes/qr_638932617682277857.svg.br","Selectors":[],"ResponseHeaders":[{"Name":"Accept-Ranges","Value":"bytes"},{"Name":"Cache-Control","Value":"max-age=31536000, immutable"},{"Name":"Content-Encoding","Value":"br"},{"Name":"Content-Length","Value":"538"},{"Name":"Content-Type","Value":"image/svg+xml"},{"Name":"ETag","Value":"\"GelSQf4HT+ea8Y2nUn9k/kh5Zze4Ln5YSFogKshNFeM=\""},{"Name":"Last-Modified","Value":"Fri, 12 Sep 2025 08:39:11 GMT"},{"Name":"Vary","Value":"Content-Encoding"}],"EndpointProperties":[{"Name":"fingerprint","Value":"v7aaah7s68"},{"Name":"integrity","Value":"sha256-GelSQf4HT+ea8Y2nUn9k/kh5Zze4Ln5YSFogKshNFeM="},{"Name":"label","Value":"qrcodes/qr_638932617682277857.svg.br"}]},{"Route":"qrcodes/qr_638932617682277857.v7aaah7s68.svg.gz","AssetFile":"qrcodes/qr_638932617682277857.svg.gz","Selectors":[],"ResponseHeaders":[{"Name":"Accept-Ranges","Value":"bytes"},{"Name":"Cache-Control","Value":"max-age=31536000, immutable"},{"Name":"Content-Encoding","Value":"gzip"},{"Name":"Content-Length","Value":"729"},{"Name":"Content-Type","Value":"image/svg+xml"},{"Name":"ETag","Value":"\"TtYPi8sGAW8gMylvfbA+E8XgBfFMhK3+MB/SAo77J+U=\""},{"Name":"Last-Modified","Value":"Fri, 12 Sep 2025 08:39:10 GMT"},{"Name":"Vary","Value":"Content-Encoding"}],"EndpointProperties":[{"Name":"fingerprint","Value":"v7aaah7s68"},{"Name":"integrity","Value":"sha256-TtYPi8sGAW8gMylvfbA+E8XgBfFMhK3+MB/SAo77J+U="},{"Name":"label","Value":"qrcodes/qr_638932617682277857.svg.gz"}]},{"Route":"qrcodes/qr_638932629919605481.rilp9yyy7i.svg","AssetFile":"qrcodes/qr_638932629919605481.svg.gz","Selectors":[{"Name":"Content-Encoding","Value":"gzip","Quality":"0.001300390117"}],"ResponseHeaders":[{"Name":"Accept-Ranges","Value":"bytes"},{"Name":"Cache-Control","Value":"max-age=31536000, immutable"},{"Name":"Content-Encoding","Value":"gzip"},{"Name":"Content-Length","Value":"768"},{"Name":"Content-Type","Value":"image/svg+xml"},{"Name":"ETag","Value":"\"FFu/TbYQNycMcpa1cIsGYVNyzrNJ3sYnlb6iM+ENdgQ=\""},{"Name":"ETag","Value":"W/\"M0o2/Et04mMuMIqPoKTU3gL3gflKXQG2jpsbxTzx4UQ=\""},{"Name":"Last-Modified","Value":"Fri, 12 Sep 2025 08:39:10 GMT"},{"Name":"Vary","Value":"Content-Encoding"}],"EndpointProperties":[{"Name":"fingerprint","Value":"rilp9yyy7i"},{"Name":"integrity","Value":"sha256-M0o2/Et04mMuMIqPoKTU3gL3gflKXQG2jpsbxTzx4UQ="},{"Name":"label","Value":"qrcodes/qr_638932629919605481.svg"}]},{"Route":"qrcodes/qr_638932629919605481.rilp9yyy7i.svg","AssetFile":"qrcodes/qr_638932629919605481.svg.br","Selectors":[{"Name":"Content-Encoding","Value":"br","Quality":"0.001766784452"}],"ResponseHeaders":[{"Name":"Accept-Ranges","Value":"bytes"},{"Name":"Cache-Control","Value":"max-age=31536000, immutable"},{"Name":"Content-Encoding","Value":"br"},{"Name":"Content-Length","Value":"565"},{"Name":"Content-Type","Value":"image/svg+xml"},{"Name":"ETag","Value":"\"AicDuPF19wuxc5u6Hi/cX7rJRJnYbVdHz5JQUXHFang=\""},{"Name":"ETag","Value":"W/\"M0o2/Et04mMuMIqPoKTU3gL3gflKXQG2jpsbxTzx4UQ=\""},{"Name":"Last-Modified","Value":"Fri, 12 Sep 2025 08:39:11 GMT"},{"Name":"Vary","Value":"Content-Encoding"}],"EndpointProperties":[{"Name":"fingerprint","Value":"rilp9yyy7i"},{"Name":"integrity","Value":"sha256-M0o2/Et04mMuMIqPoKTU3gL3gflKXQG2jpsbxTzx4UQ="},{"Name":"label","Value":"qrcodes/qr_638932629919605481.svg"}]},{"Route":"qrcodes/qr_638932629919605481.rilp9yyy7i.svg","AssetFile":"qrcodes/qr_638932629919605481.svg","Selectors":[],"ResponseHeaders":[{"Name":"Accept-Ranges","Value":"bytes"},{"Name":"Cache-Control","Value":"max-age=31536000, immutable"},{"Name":"Content-Length","Value":"8306"},{"Name":"Content-Type","Value":"image/svg+xml"},{"Name":"ETag","Value":"\"M0o2/Et04mMuMIqPoKTU3gL3gflKXQG2jpsbxTzx4UQ=\""},{"Name":"Last-Modified","Value":"Fri, 12 Sep 2025 08:36:34 GMT"}],"EndpointProperties":[{"Name":"fingerprint","Value":"rilp9yyy7i"},{"Name":"integrity","Value":"sha256-M0o2/Et04mMuMIqPoKTU3gL3gflKXQG2jpsbxTzx4UQ="},{"Name":"label","Value":"qrcodes/qr_638932629919605481.svg"}]},{"Route":"qrcodes/qr_638932629919605481.rilp9yyy7i.svg.br","AssetFile":"qrcodes/qr_638932629919605481.svg.br","Selectors":[],"ResponseHeaders":[{"Name":"Accept-Ranges","Value":"bytes"},{"Name":"Cache-Control","Value":"max-age=31536000, immutable"},{"Name":"Content-Encoding","Value":"br"},{"Name":"Content-Length","Value":"565"},{"Name":"Content-Type","Value":"image/svg+xml"},{"Name":"ETag","Value":"\"AicDuPF19wuxc5u6Hi/cX7rJRJnYbVdHz5JQUXHFang=\""},{"Name":"Last-Modified","Value":"Fri, 12 Sep 2025 08:39:11 GMT"},{"Name":"Vary","Value":"Content-Encoding"}],"EndpointProperties":[{"Name":"fingerprint","Value":"rilp9yyy7i"},{"Name":"integrity","Value":"sha256-AicDuPF19wuxc5u6Hi/cX7rJRJnYbVdHz5JQUXHFang="},{"Name":"label","Value":"qrcodes/qr_638932629919605481.svg.br"}]},{"Route":"qrcodes/qr_638932629919605481.rilp9yyy7i.svg.gz","AssetFile":"qrcodes/qr_638932629919605481.svg.gz","Selectors":[],"ResponseHeaders":[{"Name":"Accept-Ranges","Value":"bytes"},{"Name":"Cache-Control","Value":"max-age=31536000, immutable"},{"Name":"Content-Encoding","Value":"gzip"},{"Name":"Content-Length","Value":"768"},{"Name":"Content-Type","Value":"image/svg+xml"},{"Name":"ETag","Value":"\"FFu/TbYQNycMcpa1cIsGYVNyzrNJ3sYnlb6iM+ENdgQ=\""},{"Name":"Last-Modified","Value":"Fri, 12 Sep 2025 08:39:10 GMT"},{"Name":"Vary","Value":"Content-Encoding"}],"EndpointProperties":[{"Name":"fingerprint","Value":"rilp9yyy7i"},{"Name":"integrity","Value":"sha256-FFu/TbYQNycMcpa1cIsGYVNyzrNJ3sYnlb6iM+ENdgQ="},{"Name":"label","Value":"qrcodes/qr_638932629919605481.svg.gz"}]},{"Route":"qrcodes/qr_638932629919605481.svg","AssetFile":"qrcodes/qr_638932629919605481.svg.gz","Selectors":[{"Name":"Content-Encoding","Value":"gzip","Quality":"0.001300390117"}],"ResponseHeaders":[{"Name":"Accept-Ranges","Value":"bytes"},{"Name":"Cache-Control","Value":"no-cache"},{"Name":"Content-Encoding","Value":"gzip"},{"Name":"Content-Length","Value":"768"},{"Name":"Content-Type","Value":"image/svg+xml"},{"Name":"ETag","Value":"\"FFu/TbYQNycMcpa1cIsGYVNyzrNJ3sYnlb6iM+ENdgQ=\""},{"Name":"ETag","Value":"W/\"M0o2/Et04mMuMIqPoKTU3gL3gflKXQG2jpsbxTzx4UQ=\""},{"Name":"Last-Modified","Value":"Fri, 12 Sep 2025 08:39:10 GMT"},{"Name":"Vary","Value":"Content-Encoding"}],"EndpointProperties":[{"Name":"integrity","Value":"sha256-M0o2/Et04mMuMIqPoKTU3gL3gflKXQG2jpsbxTzx4UQ="}]},{"Route":"qrcodes/qr_638932629919605481.svg","AssetFile":"qrcodes/qr_638932629919605481.svg.br","Selectors":[{"Name":"Content-Encoding","Value":"br","Quality":"0.001766784452"}],"ResponseHeaders":[{"Name":"Accept-Ranges","Value":"bytes"},{"Name":"Cache-Control","Value":"no-cache"},{"Name":"Content-Encoding","Value":"br"},{"Name":"Content-Length","Value":"565"},{"Name":"Content-Type","Value":"image/svg+xml"},{"Name":"ETag","Value":"\"AicDuPF19wuxc5u6Hi/cX7rJRJnYbVdHz5JQUXHFang=\""},{"Name":"ETag","Value":"W/\"M0o2/Et04mMuMIqPoKTU3gL3gflKXQG2jpsbxTzx4UQ=\""},{"Name":"Last-Modified","Value":"Fri, 12 Sep 2025 08:39:11 GMT"},{"Name":"Vary","Value":"Content-Encoding"}],"EndpointProperties":[{"Name":"integrity","Value":"sha256-M0o2/Et04mMuMIqPoKTU3gL3gflKXQG2jpsbxTzx4UQ="}]},{"Route":"qrcodes/qr_638932629919605481.svg","AssetFile":"qrcodes/qr_638932629919605481.svg","Selectors":[],"ResponseHeaders":[{"Name":"Accept-Ranges","Value":"bytes"},{"Name":"Cache-Control","Value":"no-cache"},{"Name":"Content-Length","Value":"8306"},{"Name":"Content-Type","Value":"image/svg+xml"},{"Name":"ETag","Value":"\"M0o2/Et04mMuMIqPoKTU3gL3gflKXQG2jpsbxTzx4UQ=\""},{"Name":"Last-Modified","Value":"Fri, 12 Sep 2025 08:36:34 GMT"}],"EndpointProperties":[{"Name":"integrity","Value":"sha256-M0o2/Et04mMuMIqPoKTU3gL3gflKXQG2jpsbxTzx4UQ="}]},{"Route":"qrcodes/qr_638932629919605481.svg.br","AssetFile":"qrcodes/qr_638932629919605481.svg.br","Selectors":[],"ResponseHeaders":[{"Name":"Accept-Ranges","Value":"bytes"},{"Name":"Cache-Control","Value":"no-cache"},{"Name":"Content-Encoding","Value":"br"},{"Name":"Content-Length","Value":"565"},{"Name":"Content-Type","Value":"image/svg+xml"},{"Name":"ETag","Value":"\"AicDuPF19wuxc5u6Hi/cX7rJRJnYbVdHz5JQUXHFang=\""},{"Name":"Last-Modified","Value":"Fri, 12 Sep 2025 08:39:11 GMT"},{"Name":"Vary","Value":"Content-Encoding"}],"EndpointProperties":[{"Name":"integrity","Value":"sha256-AicDuPF19wuxc5u6Hi/cX7rJRJnYbVdHz5JQUXHFang="}]},{"Route":"qrcodes/qr_638932629919605481.svg.gz","AssetFile":"qrcodes/qr_638932629919605481.svg.gz","Selectors":[],"ResponseHeaders":[{"Name":"Accept-Ranges","Value":"bytes"},{"Name":"Cache-Control","Value":"no-cache"},{"Name":"Content-Encoding","Value":"gzip"},{"Name":"Content-Length","Value":"768"},{"Name":"Content-Type","Value":"image/svg+xml"},{"Name":"ETag","Value":"\"FFu/TbYQNycMcpa1cIsGYVNyzrNJ3sYnlb6iM+ENdgQ=\""},{"Name":"Last-Modified","Value":"Fri, 12 Sep 2025 08:39:10 GMT"},{"Name":"Vary","Value":"Content-Encoding"}],"EndpointProperties":[{"Name":"integrity","Value":"sha256-FFu/TbYQNycMcpa1cIsGYVNyzrNJ3sYnlb6iM+ENdgQ="}]},{"Route":"qrcodes/qr_638932652948907646.rilp9yyy7i.svg","AssetFile":"qrcodes/qr_638932652948907646.svg.gz","Selectors":[{"Name":"Content-Encoding","Value":"gzip","Quality":"0.001267427123"}],"ResponseHeaders":[{"Name":"Accept-Ranges","Value":"bytes"},{"Name":"Cache-Control","Value":"max-age=31536000, immutable"},{"Name":"Content-Encoding","Value":"gzip"},{"Name":"Content-Length","Value":"788"},{"Name":"Content-Type","Value":"image/svg+xml"},{"Name":"ETag","Value":"\"/TzYg7Mx3axT9RSRY950o/4BFIY6rp4UV12PtdNHgpU=\""},{"Name":"ETag","Value":"W/\"M0o2/Et04mMuMIqPoKTU3gL3gflKXQG2jpsbxTzx4UQ=\""},{"Name":"Last-Modified","Value":"Fri, 12 Sep 2025 09:48:04 GMT"},{"Name":"Vary","Value":"Content-Encoding"}],"EndpointProperties":[{"Name":"fingerprint","Value":"rilp9yyy7i"},{"Name":"integrity","Value":"sha256-M0o2/Et04mMuMIqPoKTU3gL3gflKXQG2jpsbxTzx4UQ="},{"Name":"label","Value":"qrcodes/qr_638932652948907646.svg"}]},{"Route":"qrcodes/qr_638932652948907646.rilp9yyy7i.svg","AssetFile":"qrcodes/qr_638932652948907646.svg.br","Selectors":[{"Name":"Content-Encoding","Value":"br","Quality":"0.001766784452"}],"ResponseHeaders":[{"Name":"Accept-Ranges","Value":"bytes"},{"Name":"Cache-Control","Value":"max-age=31536000, immutable"},{"Name":"Content-Encoding","Value":"br"},{"Name":"Content-Length","Value":"565"},{"Name":"Content-Type","Value":"image/svg+xml"},{"Name":"ETag","Value":"\"AicDuPF19wuxc5u6Hi/cX7rJRJnYbVdHz5JQUXHFang=\""},{"Name":"ETag","Value":"W/\"M0o2/Et04mMuMIqPoKTU3gL3gflKXQG2jpsbxTzx4UQ=\""},{"Name":"Last-Modified","Value":"Fri, 12 Sep 2025 09:48:05 GMT"},{"Name":"Vary","Value":"Content-Encoding"}],"EndpointProperties":[{"Name":"fingerprint","Value":"rilp9yyy7i"},{"Name":"integrity","Value":"sha256-M0o2/Et04mMuMIqPoKTU3gL3gflKXQG2jpsbxTzx4UQ="},{"Name":"label","Value":"qrcodes/qr_638932652948907646.svg"}]},{"Route":"qrcodes/qr_638932652948907646.rilp9yyy7i.svg","AssetFile":"qrcodes/qr_638932652948907646.svg","Selectors":[],"ResponseHeaders":[{"Name":"Accept-Ranges","Value":"bytes"},{"Name":"Cache-Control","Value":"max-age=31536000, immutable"},{"Name":"Content-Length","Value":"8306"},{"Name":"Content-Type","Value":"image/svg+xml"},{"Name":"ETag","Value":"\"M0o2/Et04mMuMIqPoKTU3gL3gflKXQG2jpsbxTzx4UQ=\""},{"Name":"Last-Modified","Value":"Fri, 12 Sep 2025 09:14:58 GMT"}],"EndpointProperties":[{"Name":"fingerprint","Value":"rilp9yyy7i"},{"Name":"integrity","Value":"sha256-M0o2/Et04mMuMIqPoKTU3gL3gflKXQG2jpsbxTzx4UQ="},{"Name":"label","Value":"qrcodes/qr_638932652948907646.svg"}]},{"Route":"qrcodes/qr_638932652948907646.rilp9yyy7i.svg.br","AssetFile":"qrcodes/qr_638932652948907646.svg.br","Selectors":[],"ResponseHeaders":[{"Name":"Accept-Ranges","Value":"bytes"},{"Name":"Cache-Control","Value":"max-age=31536000, immutable"},{"Name":"Content-Encoding","Value":"br"},{"Name":"Content-Length","Value":"565"},{"Name":"Content-Type","Value":"image/svg+xml"},{"Name":"ETag","Value":"\"AicDuPF19wuxc5u6Hi/cX7rJRJnYbVdHz5JQUXHFang=\""},{"Name":"Last-Modified","Value":"Fri, 12 Sep 2025 09:48:05 GMT"},{"Name":"Vary","Value":"Content-Encoding"}],"EndpointProperties":[{"Name":"fingerprint","Value":"rilp9yyy7i"},{"Name":"integrity","Value":"sha256-AicDuPF19wuxc5u6Hi/cX7rJRJnYbVdHz5JQUXHFang="},{"Name":"label","Value":"qrcodes/qr_638932652948907646.svg.br"}]},{"Route":"qrcodes/qr_638932652948907646.rilp9yyy7i.svg.gz","AssetFile":"qrcodes/qr_638932652948907646.svg.gz","Selectors":[],"ResponseHeaders":[{"Name":"Accept-Ranges","Value":"bytes"},{"Name":"Cache-Control","Value":"max-age=31536000, immutable"},{"Name":"Content-Encoding","Value":"gzip"},{"Name":"Content-Length","Value":"788"},{"Name":"Content-Type","Value":"image/svg+xml"},{"Name":"ETag","Value":"\"/TzYg7Mx3axT9RSRY950o/4BFIY6rp4UV12PtdNHgpU=\""},{"Name":"Last-Modified","Value":"Fri, 12 Sep 2025 09:48:04 GMT"},{"Name":"Vary","Value":"Content-Encoding"}],"EndpointProperties":[{"Name":"fingerprint","Value":"rilp9yyy7i"},{"Name":"integrity","Value":"sha256-/TzYg7Mx3axT9RSRY950o/4BFIY6rp4UV12PtdNHgpU="},{"Name":"label","Value":"qrcodes/qr_638932652948907646.svg.gz"}]},{"Route":"qrcodes/qr_638932652948907646.svg","AssetFile":"qrcodes/qr_638932652948907646.svg.gz","Selectors":[{"Name":"Content-Encoding","Value":"gzip","Quality":"0.001267427123"}],"ResponseHeaders":[{"Name":"Accept-Ranges","Value":"bytes"},{"Name":"Cache-Control","Value":"no-cache"},{"Name":"Content-Encoding","Value":"gzip"},{"Name":"Content-Length","Value":"788"},{"Name":"Content-Type","Value":"image/svg+xml"},{"Name":"ETag","Value":"\"/TzYg7Mx3axT9RSRY950o/4BFIY6rp4UV12PtdNHgpU=\""},{"Name":"ETag","Value":"W/\"M0o2/Et04mMuMIqPoKTU3gL3gflKXQG2jpsbxTzx4UQ=\""},{"Name":"Last-Modified","Value":"Fri, 12 Sep 2025 09:48:04 GMT"},{"Name":"Vary","Value":"Content-Encoding"}],"EndpointProperties":[{"Name":"integrity","Value":"sha256-M0o2/Et04mMuMIqPoKTU3gL3gflKXQG2jpsbxTzx4UQ="}]},{"Route":"qrcodes/qr_638932652948907646.svg","AssetFile":"qrcodes/qr_638932652948907646.svg.br","Selectors":[{"Name":"Content-Encoding","Value":"br","Quality":"0.001766784452"}],"ResponseHeaders":[{"Name":"Accept-Ranges","Value":"bytes"},{"Name":"Cache-Control","Value":"no-cache"},{"Name":"Content-Encoding","Value":"br"},{"Name":"Content-Length","Value":"565"},{"Name":"Content-Type","Value":"image/svg+xml"},{"Name":"ETag","Value":"\"AicDuPF19wuxc5u6Hi/cX7rJRJnYbVdHz5JQUXHFang=\""},{"Name":"ETag","Value":"W/\"M0o2/Et04mMuMIqPoKTU3gL3gflKXQG2jpsbxTzx4UQ=\""},{"Name":"Last-Modified","Value":"Fri, 12 Sep 2025 09:48:05 GMT"},{"Name":"Vary","Value":"Content-Encoding"}],"EndpointProperties":[{"Name":"integrity","Value":"sha256-M0o2/Et04mMuMIqPoKTU3gL3gflKXQG2jpsbxTzx4UQ="}]},{"Route":"qrcodes/qr_638932652948907646.svg","AssetFile":"qrcodes/qr_638932652948907646.svg","Selectors":[],"ResponseHeaders":[{"Name":"Accept-Ranges","Value":"bytes"},{"Name":"Cache-Control","Value":"no-cache"},{"Name":"Content-Length","Value":"8306"},{"Name":"Content-Type","Value":"image/svg+xml"},{"Name":"ETag","Value":"\"M0o2/Et04mMuMIqPoKTU3gL3gflKXQG2jpsbxTzx4UQ=\""},{"Name":"Last-Modified","Value":"Fri, 12 Sep 2025 09:14:58 GMT"}],"EndpointProperties":[{"Name":"integrity","Value":"sha256-M0o2/Et04mMuMIqPoKTU3gL3gflKXQG2jpsbxTzx4UQ="}]},{"Route":"qrcodes/qr_638932652948907646.svg.br","AssetFile":"qrcodes/qr_638932652948907646.svg.br","Selectors":[],"ResponseHeaders":[{"Name":"Accept-Ranges","Value":"bytes"},{"Name":"Cache-Control","Value":"no-cache"},{"Name":"Content-Encoding","Value":"br"},{"Name":"Content-Length","Value":"565"},{"Name":"Content-Type","Value":"image/svg+xml"},{"Name":"ETag","Value":"\"AicDuPF19wuxc5u6Hi/cX7rJRJnYbVdHz5JQUXHFang=\""},{"Name":"Last-Modified","Value":"Fri, 12 Sep 2025 09:48:05 GMT"},{"Name":"Vary","Value":"Content-Encoding"}],"EndpointProperties":[{"Name":"integrity","Value":"sha256-AicDuPF19wuxc5u6Hi/cX7rJRJnYbVdHz5JQUXHFang="}]},{"Route":"qrcodes/qr_638932652948907646.svg.gz","AssetFile":"qrcodes/qr_638932652948907646.svg.gz","Selectors":[],"ResponseHeaders":[{"Name":"Accept-Ranges","Value":"bytes"},{"Name":"Cache-Control","Value":"no-cache"},{"Name":"Content-Encoding","Value":"gzip"},{"Name":"Content-Length","Value":"788"},{"Name":"Content-Type","Value":"image/svg+xml"},{"Name":"ETag","Value":"\"/TzYg7Mx3axT9RSRY950o/4BFIY6rp4UV12PtdNHgpU=\""},{"Name":"Last-Modified","Value":"Fri, 12 Sep 2025 09:48:04 GMT"},{"Name":"Vary","Value":"Content-Encoding"}],"EndpointProperties":[{"Name":"integrity","Value":"sha256-/TzYg7Mx3axT9RSRY950o/4BFIY6rp4UV12PtdNHgpU="}]}]}